held_out_subject,macro_f1,balanced_accuracy,stress_recall
S10,1.0,1.0,1.0
S11,0.7553475935828877,0.7371794871794872,0.5
S13,0.9229781771501926,0.9047619047619048,0.8095238095238095
S14,0.44341372912801486,0.5238095238095238,0.047619047619047616
S15,0.43523083818915287,0.5227272727272727,0.045454545454545456
S16,0.9813113715552739,0.9761904761904762,0.9523809523809523
S17,0.5005847953216374,0.5520594965675057,0.13043478260869565
S2,0.4930830039525692,0.55,0.1
S3,0.7875457875457875,0.7792792792792793,0.6666666666666666
S4,0.9806859806859807,0.975,0.95
S5,0.553030303030303,0.6666666666666666,1.0
S6,0.811611030478955,0.8552631578947368,1.0
S7,0.2564102564102564,0.5,1.0
S8,0.8125,0.8014354066985645,0.6818181818181818
S9,0.9811382113821139,0.986842105263158,1.0
