model,held_out_subject,macro_f1,balanced_accuracy,stress_recall
XGBoost,S10,0.7299965951651345,0.717391304347826,0.43478260869565216
XGBoost,S11,0.7796387520525452,0.7599067599067599,0.5454545454545454
XGBoost,S13,0.9229781771501926,0.9047619047619048,0.8095238095238095
XGBoost,S14,0.829059829059829,0.8186813186813187,0.7142857142857143
XGBoost,S15,1.0,1.0,1.0
XGBoost,S16,1.0,1.0,1.0
XGBoost,S17,0.7796387520525452,0.7608695652173914,0.5217391304347826
XGBoost,S2,0.482560917343526,0.5364864864864866,0.1
XGBoost,S3,0.5098591549295775,0.5115830115830116,0.42857142857142855
XGBoost,S4,0.8018975332068312,0.775,0.55
XGBoost,S5,0.4073059360730593,0.5769230769230769,1.0
XGBoost,S6,0.7951388888888888,0.8421052631578947,1.0
XGBoost,S7,0.2564102564102564,0.5,1.0
XGBoost,S8,0.7017045454545454,0.6913875598086124,0.4090909090909091
XGBoost,S9,0.43137254901960786,0.5552631578947369,0.9
