model,held_out_subject,true_label,predicted_label
SVM,S10,0,0
SVM,S10,0,0
SVM,S10,0,0
SVM,S10,0,0
SVM,S10,0,0
SVM,S10,0,0
SVM,S10,0,0
SVM,S10,0,0
SVM,S10,0,0
SVM,S10,0,0
SVM,S10,0,0
SVM,S10,0,0
SVM,S10,0,0
SVM,S10,0,0
SVM,S10,0,0
SVM,S10,0,0
SVM,S10,0,0
SVM,S10,0,0
SVM,S10,0,0
SVM,S10,0,0
SVM,S10,0,0
SVM,S10,0,0
SVM,S10,0,0
SVM,S10,0,0
SVM,S10,0,0
SVM,S10,0,0
SVM,S10,0,0
SVM,S10,0,0
SVM,S10,0,0
SVM,S10,0,0
SVM,S10,0,0
SVM,S10,0,0
SVM,S10,0,0
SVM,S10,0,0
SVM,S10,0,0
SVM,S10,0,0
SVM,S10,0,0
SVM,S10,0,0
SVM,S10,1,0
SVM,S10,1,0
SVM,S10,1,0
SVM,S10,1,1
SVM,S10,1,1
SVM,S10,1,1
SVM,S10,1,1
SVM,S10,1,1
SVM,S10,1,1
SVM,S10,1,1
SVM,S10,1,1
SVM,S10,1,1
SVM,S10,1,1
SVM,S10,1,1
SVM,S10,1,1
SVM,S10,1,1
SVM,S10,1,1
SVM,S10,1,1
SVM,S10,1,1
SVM,S10,1,1
SVM,S10,1,1
SVM,S10,1,1
SVM,S10,1,1
SVM,S11,0,1
SVM,S11,0,1
SVM,S11,0,1
SVM,S11,0,1
SVM,S11,0,0
SVM,S11,0,1
SVM,S11,0,1
SVM,S11,0,1
SVM,S11,0,0
SVM,S11,0,1
SVM,S11,0,1
SVM,S11,0,1
SVM,S11,0,1
SVM,S11,0,1
SVM,S11,0,1
SVM,S11,0,1
SVM,S11,0,1
SVM,S11,0,1
SVM,S11,0,1
SVM,S11,0,1
SVM,S11,0,1
SVM,S11,0,1
SVM,S11,0,1
SVM,S11,0,1
SVM,S11,0,1
SVM,S11,0,1
SVM,S11,0,1
SVM,S11,0,1
SVM,S11,0,1
SVM,S11,0,1
SVM,S11,0,1
SVM,S11,0,1
SVM,S11,0,1
SVM,S11,0,1
SVM,S11,0,1
SVM,S11,0,1
SVM,S11,0,1
SVM,S11,0,1
SVM,S11,0,1
SVM,S11,1,1
SVM,S11,1,1
SVM,S11,1,1
SVM,S11,1,1
SVM,S11,1,1
SVM,S11,1,1
SVM,S11,1,1
SVM,S11,1,1
SVM,S11,1,1
SVM,S11,1,1
SVM,S11,1,1
SVM,S11,1,1
SVM,S11,1,1
SVM,S11,1,1
SVM,S11,1,1
SVM,S11,1,1
SVM,S11,1,1
SVM,S11,1,1
SVM,S11,1,1
SVM,S11,1,1
SVM,S11,1,1
SVM,S11,1,1
SVM,S13,0,0
SVM,S13,0,0
SVM,S13,0,0
SVM,S13,0,0
SVM,S13,0,0
SVM,S13,0,0
SVM,S13,0,0
SVM,S13,0,0
SVM,S13,0,0
SVM,S13,0,0
SVM,S13,0,0
SVM,S13,0,0
SVM,S13,0,0
SVM,S13,0,0
SVM,S13,0,0
SVM,S13,0,0
SVM,S13,0,0
SVM,S13,0,0
SVM,S13,0,0
SVM,S13,0,0
SVM,S13,0,0
SVM,S13,0,0
SVM,S13,0,0
SVM,S13,0,0
SVM,S13,0,0
SVM,S13,0,0
SVM,S13,0,0
SVM,S13,0,0
SVM,S13,0,0
SVM,S13,0,0
SVM,S13,0,0
SVM,S13,0,0
SVM,S13,0,0
SVM,S13,0,0
SVM,S13,0,0
SVM,S13,0,0
SVM,S13,0,0
SVM,S13,0,0
SVM,S13,0,0
SVM,S13,1,0
SVM,S13,1,1
SVM,S13,1,1
SVM,S13,1,1
SVM,S13,1,1
SVM,S13,1,1
SVM,S13,1,1
SVM,S13,1,1
SVM,S13,1,1
SVM,S13,1,1
SVM,S13,1,1
SVM,S13,1,1
SVM,S13,1,1
SVM,S13,1,1
SVM,S13,1,1
SVM,S13,1,1
SVM,S13,1,1
SVM,S13,1,1
SVM,S13,1,1
SVM,S13,1,1
SVM,S13,1,1
SVM,S14,0,0
SVM,S14,0,0
SVM,S14,0,0
SVM,S14,0,0
SVM,S14,0,0
SVM,S14,0,0
SVM,S14,0,0
SVM,S14,0,0
SVM,S14,0,0
SVM,S14,0,0
SVM,S14,0,0
SVM,S14,0,0
SVM,S14,0,0
SVM,S14,0,0
SVM,S14,0,0
SVM,S14,0,0
SVM,S14,0,0
SVM,S14,0,0
SVM,S14,0,0
SVM,S14,0,0
SVM,S14,0,0
SVM,S14,0,0
SVM,S14,0,0
SVM,S14,0,0
SVM,S14,0,0
SVM,S14,0,0
SVM,S14,0,0
SVM,S14,0,0
SVM,S14,0,0
SVM,S14,0,0
SVM,S14,0,0
SVM,S14,0,0
SVM,S14,0,0
SVM,S14,0,0
SVM,S14,0,0
SVM,S14,0,0
SVM,S14,0,0
SVM,S14,0,0
SVM,S14,0,0
SVM,S14,1,0
SVM,S14,1,0
SVM,S14,1,0
SVM,S14,1,0
SVM,S14,1,0
SVM,S14,1,0
SVM,S14,1,0
SVM,S14,1,0
SVM,S14,1,0
SVM,S14,1,0
SVM,S14,1,0
SVM,S14,1,0
SVM,S14,1,0
SVM,S14,1,0
SVM,S14,1,0
SVM,S14,1,0
SVM,S14,1,0
SVM,S14,1,0
SVM,S14,1,0
SVM,S14,1,0
SVM,S14,1,0
SVM,S15,0,0
SVM,S15,0,0
SVM,S15,0,0
SVM,S15,0,0
SVM,S15,0,0
SVM,S15,0,0
SVM,S15,0,0
SVM,S15,0,0
SVM,S15,0,0
SVM,S15,0,0
SVM,S15,0,0
SVM,S15,0,0
SVM,S15,0,0
SVM,S15,0,0
SVM,S15,0,0
SVM,S15,0,0
SVM,S15,0,0
SVM,S15,0,0
SVM,S15,0,0
SVM,S15,0,0
SVM,S15,0,0
SVM,S15,0,0
SVM,S15,0,0
SVM,S15,0,0
SVM,S15,0,0
SVM,S15,0,0
SVM,S15,0,0
SVM,S15,0,0
SVM,S15,0,0
SVM,S15,0,0
SVM,S15,0,0
SVM,S15,0,0
SVM,S15,0,0
SVM,S15,0,0
SVM,S15,0,0
SVM,S15,0,0
SVM,S15,0,0
SVM,S15,0,0
SVM,S15,1,0
SVM,S15,1,0
SVM,S15,1,0
SVM,S15,1,0
SVM,S15,1,1
SVM,S15,1,1
SVM,S15,1,0
SVM,S15,1,1
SVM,S15,1,0
SVM,S15,1,0
SVM,S15,1,0
SVM,S15,1,0
SVM,S15,1,0
SVM,S15,1,0
SVM,S15,1,0
SVM,S15,1,1
SVM,S15,1,0
SVM,S15,1,0
SVM,S15,1,1
SVM,S15,1,0
SVM,S15,1,0
SVM,S15,1,1
SVM,S16,0,0
SVM,S16,0,0
SVM,S16,0,0
SVM,S16,0,0
SVM,S16,0,0
SVM,S16,0,0
SVM,S16,0,0
SVM,S16,0,0
SVM,S16,0,0
SVM,S16,0,0
SVM,S16,0,0
SVM,S16,0,0
SVM,S16,0,0
SVM,S16,0,0
SVM,S16,0,0
SVM,S16,0,0
SVM,S16,0,0
SVM,S16,0,0
SVM,S16,0,0
SVM,S16,0,0
SVM,S16,0,0
SVM,S16,0,0
SVM,S16,0,0
SVM,S16,0,0
SVM,S16,0,0
SVM,S16,0,0
SVM,S16,0,0
SVM,S16,0,0
SVM,S16,0,0
SVM,S16,0,0
SVM,S16,0,0
SVM,S16,0,0
SVM,S16,0,0
SVM,S16,0,0
SVM,S16,0,0
SVM,S16,0,0
SVM,S16,0,0
SVM,S16,0,0
SVM,S16,1,1
SVM,S16,1,1
SVM,S16,1,1
SVM,S16,1,1
SVM,S16,1,1
SVM,S16,1,1
SVM,S16,1,1
SVM,S16,1,1
SVM,S16,1,1
SVM,S16,1,1
SVM,S16,1,1
SVM,S16,1,1
SVM,S16,1,1
SVM,S16,1,1
SVM,S16,1,1
SVM,S16,1,1
SVM,S16,1,1
SVM,S16,1,1
SVM,S16,1,1
SVM,S16,1,1
SVM,S16,1,1
SVM,S17,0,0
SVM,S17,0,0
SVM,S17,0,0
SVM,S17,0,0
SVM,S17,0,0
SVM,S17,0,0
SVM,S17,0,0
SVM,S17,0,0
SVM,S17,0,0
SVM,S17,0,0
SVM,S17,0,0
SVM,S17,0,0
SVM,S17,0,0
SVM,S17,0,0
SVM,S17,0,0
SVM,S17,0,0
SVM,S17,0,0
SVM,S17,0,0
SVM,S17,0,0
SVM,S17,0,0
SVM,S17,0,0
SVM,S17,0,0
SVM,S17,0,0
SVM,S17,0,0
SVM,S17,0,0
SVM,S17,0,0
SVM,S17,0,0
SVM,S17,0,0
SVM,S17,0,0
SVM,S17,0,0
SVM,S17,0,0
SVM,S17,0,0
SVM,S17,0,0
SVM,S17,0,0
SVM,S17,0,0
SVM,S17,0,1
SVM,S17,0,0
SVM,S17,0,0
SVM,S17,1,0
SVM,S17,1,0
SVM,S17,1,0
SVM,S17,1,0
SVM,S17,1,0
SVM,S17,1,0
SVM,S17,1,0
SVM,S17,1,0
SVM,S17,1,0
SVM,S17,1,0
SVM,S17,1,0
SVM,S17,1,0
SVM,S17,1,0
SVM,S17,1,0
SVM,S17,1,0
SVM,S17,1,0
SVM,S17,1,0
SVM,S17,1,0
SVM,S17,1,0
SVM,S17,1,0
SVM,S17,1,0
SVM,S17,1,0
SVM,S17,1,0
SVM,S2,0,0
SVM,S2,0,0
SVM,S2,0,0
SVM,S2,0,1
SVM,S2,0,0
SVM,S2,0,1
SVM,S2,0,1
SVM,S2,0,1
SVM,S2,0,1
SVM,S2,0,1
SVM,S2,0,1
SVM,S2,0,1
SVM,S2,0,1
SVM,S2,0,1
SVM,S2,0,1
SVM,S2,0,1
SVM,S2,0,1
SVM,S2,0,1
SVM,S2,0,1
SVM,S2,0,1
SVM,S2,0,1
SVM,S2,0,1
SVM,S2,0,1
SVM,S2,0,1
SVM,S2,0,1
SVM,S2,0,1
SVM,S2,0,1
SVM,S2,0,1
SVM,S2,0,1
SVM,S2,0,1
SVM,S2,0,1
SVM,S2,0,1
SVM,S2,0,1
SVM,S2,0,0
SVM,S2,0,0
SVM,S2,0,0
SVM,S2,0,0
SVM,S2,1,0
SVM,S2,1,0
SVM,S2,1,0
SVM,S2,1,0
SVM,S2,1,0
SVM,S2,1,0
SVM,S2,1,0
SVM,S2,1,0
SVM,S2,1,0
SVM,S2,1,0
SVM,S2,1,0
SVM,S2,1,0
SVM,S2,1,0
SVM,S2,1,0
SVM,S2,1,0
SVM,S2,1,0
SVM,S2,1,0
SVM,S2,1,0
SVM,S2,1,0
SVM,S2,1,0
SVM,S3,0,1
SVM,S3,0,1
SVM,S3,0,0
SVM,S3,0,0
SVM,S3,0,0
SVM,S3,0,0
SVM,S3,0,0
SVM,S3,0,0
SVM,S3,0,0
SVM,S3,0,0
SVM,S3,0,0
SVM,S3,0,0
SVM,S3,0,0
SVM,S3,0,0
SVM,S3,0,0
SVM,S3,0,0
SVM,S3,0,0
SVM,S3,0,0
SVM,S3,0,0
SVM,S3,0,0
SVM,S3,0,0
SVM,S3,0,0
SVM,S3,0,0
SVM,S3,0,0
SVM,S3,0,0
SVM,S3,0,0
SVM,S3,0,0
SVM,S3,0,0
SVM,S3,0,0
SVM,S3,0,0
SVM,S3,0,0
SVM,S3,0,0
SVM,S3,0,0
SVM,S3,0,0
SVM,S3,0,0
SVM,S3,0,0
SVM,S3,0,0
SVM,S3,1,0
SVM,S3,1,0
SVM,S3,1,0
SVM,S3,1,0
SVM,S3,1,0
SVM,S3,1,1
SVM,S3,1,1
SVM,S3,1,1
SVM,S3,1,1
SVM,S3,1,0
SVM,S3,1,1
SVM,S3,1,1
SVM,S3,1,0
SVM,S3,1,0
SVM,S3,1,0
SVM,S3,1,0
SVM,S3,1,0
SVM,S3,1,0
SVM,S3,1,0
SVM,S3,1,0
SVM,S3,1,0
SVM,S4,0,0
SVM,S4,0,0
SVM,S4,0,0
SVM,S4,0,0
SVM,S4,0,0
SVM,S4,0,0
SVM,S4,0,0
SVM,S4,0,0
SVM,S4,0,0
SVM,S4,0,0
SVM,S4,0,0
SVM,S4,0,0
SVM,S4,0,0
SVM,S4,0,0
SVM,S4,0,0
SVM,S4,0,0
SVM,S4,0,0
SVM,S4,0,0
SVM,S4,0,0
SVM,S4,0,0
SVM,S4,0,0
SVM,S4,0,0
SVM,S4,0,0
SVM,S4,0,0
SVM,S4,0,0
SVM,S4,0,0
SVM,S4,0,0
SVM,S4,0,0
SVM,S4,0,0
SVM,S4,0,0
SVM,S4,0,0
SVM,S4,0,0
SVM,S4,0,0
SVM,S4,0,0
SVM,S4,0,0
SVM,S4,0,0
SVM,S4,0,0
SVM,S4,0,0
SVM,S4,1,1
SVM,S4,1,1
SVM,S4,1,1
SVM,S4,1,1
SVM,S4,1,1
SVM,S4,1,1
SVM,S4,1,1
SVM,S4,1,1
SVM,S4,1,1
SVM,S4,1,1
SVM,S4,1,1
SVM,S4,1,1
SVM,S4,1,1
SVM,S4,1,1
SVM,S4,1,0
SVM,S4,1,1
SVM,S4,1,1
SVM,S4,1,1
SVM,S4,1,1
SVM,S4,1,1
SVM,S5,0,1
SVM,S5,0,1
SVM,S5,0,1
SVM,S5,0,1
SVM,S5,0,1
SVM,S5,0,1
SVM,S5,0,1
SVM,S5,0,1
SVM,S5,0,1
SVM,S5,0,1
SVM,S5,0,1
SVM,S5,0,1
SVM,S5,0,1
SVM,S5,0,1
SVM,S5,0,1
SVM,S5,0,1
SVM,S5,0,1
SVM,S5,0,1
SVM,S5,0,1
SVM,S5,0,1
SVM,S5,0,1
SVM,S5,0,1
SVM,S5,0,1
SVM,S5,0,1
SVM,S5,0,1
SVM,S5,0,1
SVM,S5,0,1
SVM,S5,0,1
SVM,S5,0,1
SVM,S5,0,1
SVM,S5,0,1
SVM,S5,0,1
SVM,S5,0,1
SVM,S5,0,1
SVM,S5,0,1
SVM,S5,0,1
SVM,S5,0,1
SVM,S5,0,1
SVM,S5,0,1
SVM,S5,1,1
SVM,S5,1,1
SVM,S5,1,1
SVM,S5,1,1
SVM,S5,1,1
SVM,S5,1,1
SVM,S5,1,1
SVM,S5,1,1
SVM,S5,1,1
SVM,S5,1,1
SVM,S5,1,1
SVM,S5,1,1
SVM,S5,1,1
SVM,S5,1,1
SVM,S5,1,1
SVM,S5,1,1
SVM,S5,1,1
SVM,S5,1,1
SVM,S5,1,1
SVM,S5,1,1
SVM,S6,0,1
SVM,S6,0,1
SVM,S6,0,1
SVM,S6,0,1
SVM,S6,0,1
SVM,S6,0,1
SVM,S6,0,1
SVM,S6,0,1
SVM,S6,0,1
SVM,S6,0,1
SVM,S6,0,1
SVM,S6,0,1
SVM,S6,0,1
SVM,S6,0,1
SVM,S6,0,1
SVM,S6,0,1
SVM,S6,0,0
SVM,S6,0,1
SVM,S6,0,0
SVM,S6,0,1
SVM,S6,0,1
SVM,S6,0,1
SVM,S6,0,1
SVM,S6,0,1
SVM,S6,0,0
SVM,S6,0,1
SVM,S6,0,1
SVM,S6,0,1
SVM,S6,0,1
SVM,S6,0,0
SVM,S6,0,0
SVM,S6,0,0
SVM,S6,0,0
SVM,S6,0,1
SVM,S6,0,1
SVM,S6,0,0
SVM,S6,0,0
SVM,S6,0,1
SVM,S6,1,1
SVM,S6,1,1
SVM,S6,1,1
SVM,S6,1,1
SVM,S6,1,1
SVM,S6,1,1
SVM,S6,1,1
SVM,S6,1,1
SVM,S6,1,1
SVM,S6,1,1
SVM,S6,1,1
SVM,S6,1,1
SVM,S6,1,1
SVM,S6,1,1
SVM,S6,1,1
SVM,S6,1,1
SVM,S6,1,1
SVM,S6,1,1
SVM,S6,1,1
SVM,S6,1,1
SVM,S6,1,1
SVM,S7,0,1
SVM,S7,0,1
SVM,S7,0,1
SVM,S7,0,1
SVM,S7,0,1
SVM,S7,0,1
SVM,S7,0,1
SVM,S7,0,1
SVM,S7,0,1
SVM,S7,0,1
SVM,S7,0,1
SVM,S7,0,1
SVM,S7,0,1
SVM,S7,0,1
SVM,S7,0,1
SVM,S7,0,1
SVM,S7,0,1
SVM,S7,0,1
SVM,S7,0,1
SVM,S7,0,1
SVM,S7,0,1
SVM,S7,0,1
SVM,S7,0,1
SVM,S7,0,1
SVM,S7,0,1
SVM,S7,0,1
SVM,S7,0,1
SVM,S7,0,1
SVM,S7,0,1
SVM,S7,0,1
SVM,S7,0,1
SVM,S7,0,1
SVM,S7,0,1
SVM,S7,0,1
SVM,S7,0,1
SVM,S7,0,1
SVM,S7,0,1
SVM,S7,0,1
SVM,S7,1,1
SVM,S7,1,1
SVM,S7,1,1
SVM,S7,1,1
SVM,S7,1,1
SVM,S7,1,1
SVM,S7,1,1
SVM,S7,1,1
SVM,S7,1,1
SVM,S7,1,1
SVM,S7,1,1
SVM,S7,1,1
SVM,S7,1,1
SVM,S7,1,1
SVM,S7,1,1
SVM,S7,1,1
SVM,S7,1,1
SVM,S7,1,1
SVM,S7,1,1
SVM,S7,1,1
SVM,S8,0,1
SVM,S8,0,1
SVM,S8,0,1
SVM,S8,0,1
SVM,S8,0,1
SVM,S8,0,1
SVM,S8,0,1
SVM,S8,0,1
SVM,S8,0,1
SVM,S8,0,1
SVM,S8,0,1
SVM,S8,0,1
SVM,S8,0,1
SVM,S8,0,1
SVM,S8,0,1
SVM,S8,0,1
SVM,S8,0,1
SVM,S8,0,1
SVM,S8,0,1
SVM,S8,0,1
SVM,S8,0,1
SVM,S8,0,1
SVM,S8,0,1
SVM,S8,0,1
SVM,S8,0,1
SVM,S8,0,1
SVM,S8,0,1
SVM,S8,0,1
SVM,S8,0,1
SVM,S8,0,1
SVM,S8,0,1
SVM,S8,0,1
SVM,S8,0,1
SVM,S8,0,1
SVM,S8,0,1
SVM,S8,0,1
SVM,S8,0,1
SVM,S8,0,1
SVM,S8,1,1
SVM,S8,1,1
SVM,S8,1,1
SVM,S8,1,1
SVM,S8,1,1
SVM,S8,1,1
SVM,S8,1,1
SVM,S8,1,1
SVM,S8,1,1
SVM,S8,1,1
SVM,S8,1,1
SVM,S8,1,1
SVM,S8,1,1
SVM,S8,1,1
SVM,S8,1,1
SVM,S8,1,1
SVM,S8,1,1
SVM,S8,1,1
SVM,S8,1,1
SVM,S8,1,1
SVM,S8,1,1
SVM,S8,1,1
SVM,S9,0,0
SVM,S9,0,0
SVM,S9,0,0
SVM,S9,0,0
SVM,S9,0,0
SVM,S9,0,0
SVM,S9,0,0
SVM,S9,0,0
SVM,S9,0,0
SVM,S9,0,0
SVM,S9,0,0
SVM,S9,0,0
SVM,S9,0,0
SVM,S9,0,0
SVM,S9,0,0
SVM,S9,0,0
SVM,S9,0,0
SVM,S9,0,0
SVM,S9,0,0
SVM,S9,0,0
SVM,S9,0,0
SVM,S9,0,0
SVM,S9,0,0
SVM,S9,0,0
SVM,S9,0,0
SVM,S9,0,0
SVM,S9,0,0
SVM,S9,0,0
SVM,S9,0,0
SVM,S9,0,0
SVM,S9,0,0
SVM,S9,0,0
SVM,S9,0,0
SVM,S9,0,0
SVM,S9,0,0
SVM,S9,0,0
SVM,S9,0,0
SVM,S9,0,1
SVM,S9,1,1
SVM,S9,1,1
SVM,S9,1,1
SVM,S9,1,1
SVM,S9,1,1
SVM,S9,1,1
SVM,S9,1,1
SVM,S9,1,1
SVM,S9,1,1
SVM,S9,1,1
SVM,S9,1,1
SVM,S9,1,1
SVM,S9,1,1
SVM,S9,1,1
SVM,S9,1,1
SVM,S9,1,1
SVM,S9,1,1
SVM,S9,1,1
SVM,S9,1,1
SVM,S9,1,1
Random_Forest,S10,0,0
Random_Forest,S10,0,0
Random_Forest,S10,0,0
Random_Forest,S10,0,0
Random_Forest,S10,0,0
Random_Forest,S10,0,0
Random_Forest,S10,0,0
Random_Forest,S10,0,0
Random_Forest,S10,0,0
Random_Forest,S10,0,0
Random_Forest,S10,0,0
Random_Forest,S10,0,0
Random_Forest,S10,0,0
Random_Forest,S10,0,0
Random_Forest,S10,0,0
Random_Forest,S10,0,0
Random_Forest,S10,0,0
Random_Forest,S10,0,0
Random_Forest,S10,0,0
Random_Forest,S10,0,0
Random_Forest,S10,0,0
Random_Forest,S10,0,0
Random_Forest,S10,0,0
Random_Forest,S10,0,0
Random_Forest,S10,0,0
Random_Forest,S10,0,0
Random_Forest,S10,0,0
Random_Forest,S10,0,0
Random_Forest,S10,0,0
Random_Forest,S10,0,0
Random_Forest,S10,0,0
Random_Forest,S10,0,0
Random_Forest,S10,0,0
Random_Forest,S10,0,0
Random_Forest,S10,0,0
Random_Forest,S10,0,0
Random_Forest,S10,0,0
Random_Forest,S10,0,0
Random_Forest,S10,1,0
Random_Forest,S10,1,0
Random_Forest,S10,1,0
Random_Forest,S10,1,0
Random_Forest,S10,1,0
Random_Forest,S10,1,0
Random_Forest,S10,1,0
Random_Forest,S10,1,0
Random_Forest,S10,1,0
Random_Forest,S10,1,0
Random_Forest,S10,1,0
Random_Forest,S10,1,0
Random_Forest,S10,1,0
Random_Forest,S10,1,0
Random_Forest,S10,1,0
Random_Forest,S10,1,0
Random_Forest,S10,1,0
Random_Forest,S10,1,0
Random_Forest,S10,1,0
Random_Forest,S10,1,0
Random_Forest,S10,1,0
Random_Forest,S10,1,0
Random_Forest,S10,1,0
Random_Forest,S11,0,0
Random_Forest,S11,0,0
Random_Forest,S11,0,0
Random_Forest,S11,0,0
Random_Forest,S11,0,0
Random_Forest,S11,0,1
Random_Forest,S11,0,1
Random_Forest,S11,0,1
Random_Forest,S11,0,1
Random_Forest,S11,0,1
Random_Forest,S11,0,1
Random_Forest,S11,0,1
Random_Forest,S11,0,1
Random_Forest,S11,0,1
Random_Forest,S11,0,1
Random_Forest,S11,0,1
Random_Forest,S11,0,1
Random_Forest,S11,0,1
Random_Forest,S11,0,1
Random_Forest,S11,0,1
Random_Forest,S11,0,1
Random_Forest,S11,0,1
Random_Forest,S11,0,0
Random_Forest,S11,0,1
Random_Forest,S11,0,1
Random_Forest,S11,0,0
Random_Forest,S11,0,0
Random_Forest,S11,0,0
Random_Forest,S11,0,0
Random_Forest,S11,0,0
Random_Forest,S11,0,0
Random_Forest,S11,0,0
Random_Forest,S11,0,0
Random_Forest,S11,0,0
Random_Forest,S11,0,0
Random_Forest,S11,0,0
Random_Forest,S11,0,0
Random_Forest,S11,0,0
Random_Forest,S11,0,0
Random_Forest,S11,1,1
Random_Forest,S11,1,0
Random_Forest,S11,1,1
Random_Forest,S11,1,1
Random_Forest,S11,1,1
Random_Forest,S11,1,1
Random_Forest,S11,1,1
Random_Forest,S11,1,1
Random_Forest,S11,1,1
Random_Forest,S11,1,1
Random_Forest,S11,1,1
Random_Forest,S11,1,1
Random_Forest,S11,1,1
Random_Forest,S11,1,1
Random_Forest,S11,1,1
Random_Forest,S11,1,1
Random_Forest,S11,1,1
Random_Forest,S11,1,1
Random_Forest,S11,1,1
Random_Forest,S11,1,1
Random_Forest,S11,1,1
Random_Forest,S11,1,1
Random_Forest,S13,0,0
Random_Forest,S13,0,0
Random_Forest,S13,0,0
Random_Forest,S13,0,0
Random_Forest,S13,0,0
Random_Forest,S13,0,0
Random_Forest,S13,0,0
Random_Forest,S13,0,0
Random_Forest,S13,0,0
Random_Forest,S13,0,0
Random_Forest,S13,0,0
Random_Forest,S13,0,0
Random_Forest,S13,0,0
Random_Forest,S13,0,0
Random_Forest,S13,0,0
Random_Forest,S13,0,0
Random_Forest,S13,0,0
Random_Forest,S13,0,0
Random_Forest,S13,0,0
Random_Forest,S13,0,0
Random_Forest,S13,0,0
Random_Forest,S13,0,0
Random_Forest,S13,0,0
Random_Forest,S13,0,0
Random_Forest,S13,0,0
Random_Forest,S13,0,0
Random_Forest,S13,0,0
Random_Forest,S13,0,0
Random_Forest,S13,0,0
Random_Forest,S13,0,0
Random_Forest,S13,0,0
Random_Forest,S13,0,0
Random_Forest,S13,0,0
Random_Forest,S13,0,0
Random_Forest,S13,0,0
Random_Forest,S13,0,0
Random_Forest,S13,0,0
Random_Forest,S13,0,0
Random_Forest,S13,0,0
Random_Forest,S13,1,1
Random_Forest,S13,1,1
Random_Forest,S13,1,1
Random_Forest,S13,1,1
Random_Forest,S13,1,1
Random_Forest,S13,1,0
Random_Forest,S13,1,0
Random_Forest,S13,1,0
Random_Forest,S13,1,0
Random_Forest,S13,1,0
Random_Forest,S13,1,1
Random_Forest,S13,1,0
Random_Forest,S13,1,0
Random_Forest,S13,1,1
Random_Forest,S13,1,1
Random_Forest,S13,1,1
Random_Forest,S13,1,1
Random_Forest,S13,1,1
Random_Forest,S13,1,1
Random_Forest,S13,1,1
Random_Forest,S13,1,0
Random_Forest,S14,0,0
Random_Forest,S14,0,0
Random_Forest,S14,0,0
Random_Forest,S14,0,0
Random_Forest,S14,0,0
Random_Forest,S14,0,0
Random_Forest,S14,0,0
Random_Forest,S14,0,0
Random_Forest,S14,0,0
Random_Forest,S14,0,0
Random_Forest,S14,0,0
Random_Forest,S14,0,0
Random_Forest,S14,0,0
Random_Forest,S14,0,0
Random_Forest,S14,0,0
Random_Forest,S14,0,0
Random_Forest,S14,0,0
Random_Forest,S14,0,0
Random_Forest,S14,0,0
Random_Forest,S14,0,0
Random_Forest,S14,0,0
Random_Forest,S14,0,0
Random_Forest,S14,0,0
Random_Forest,S14,0,0
Random_Forest,S14,0,0
Random_Forest,S14,0,1
Random_Forest,S14,0,0
Random_Forest,S14,0,0
Random_Forest,S14,0,0
Random_Forest,S14,0,0
Random_Forest,S14,0,1
Random_Forest,S14,0,0
Random_Forest,S14,0,0
Random_Forest,S14,0,0
Random_Forest,S14,0,0
Random_Forest,S14,0,0
Random_Forest,S14,0,0
Random_Forest,S14,0,0
Random_Forest,S14,0,0
Random_Forest,S14,1,0
Random_Forest,S14,1,0
Random_Forest,S14,1,0
Random_Forest,S14,1,0
Random_Forest,S14,1,1
Random_Forest,S14,1,1
Random_Forest,S14,1,1
Random_Forest,S14,1,1
Random_Forest,S14,1,1
Random_Forest,S14,1,1
Random_Forest,S14,1,1
Random_Forest,S14,1,1
Random_Forest,S14,1,1
Random_Forest,S14,1,1
Random_Forest,S14,1,1
Random_Forest,S14,1,1
Random_Forest,S14,1,1
Random_Forest,S14,1,1
Random_Forest,S14,1,1
Random_Forest,S14,1,1
Random_Forest,S14,1,1
Random_Forest,S15,0,0
Random_Forest,S15,0,0
Random_Forest,S15,0,0
Random_Forest,S15,0,0
Random_Forest,S15,0,0
Random_Forest,S15,0,0
Random_Forest,S15,0,0
Random_Forest,S15,0,0
Random_Forest,S15,0,0
Random_Forest,S15,0,0
Random_Forest,S15,0,0
Random_Forest,S15,0,0
Random_Forest,S15,0,0
Random_Forest,S15,0,0
Random_Forest,S15,0,0
Random_Forest,S15,0,0
Random_Forest,S15,0,0
Random_Forest,S15,0,0
Random_Forest,S15,0,0
Random_Forest,S15,0,0
Random_Forest,S15,0,0
Random_Forest,S15,0,0
Random_Forest,S15,0,0
Random_Forest,S15,0,0
Random_Forest,S15,0,0
Random_Forest,S15,0,0
Random_Forest,S15,0,0
Random_Forest,S15,0,0
Random_Forest,S15,0,0
Random_Forest,S15,0,0
Random_Forest,S15,0,0
Random_Forest,S15,0,0
Random_Forest,S15,0,0
Random_Forest,S15,0,0
Random_Forest,S15,0,0
Random_Forest,S15,0,0
Random_Forest,S15,0,0
Random_Forest,S15,0,0
Random_Forest,S15,1,1
Random_Forest,S15,1,1
Random_Forest,S15,1,1
Random_Forest,S15,1,1
Random_Forest,S15,1,1
Random_Forest,S15,1,1
Random_Forest,S15,1,1
Random_Forest,S15,1,1
Random_Forest,S15,1,1
Random_Forest,S15,1,1
Random_Forest,S15,1,1
Random_Forest,S15,1,1
Random_Forest,S15,1,1
Random_Forest,S15,1,1
Random_Forest,S15,1,1
Random_Forest,S15,1,1
Random_Forest,S15,1,1
Random_Forest,S15,1,1
Random_Forest,S15,1,1
Random_Forest,S15,1,1
Random_Forest,S15,1,1
Random_Forest,S15,1,1
Random_Forest,S16,0,0
Random_Forest,S16,0,0
Random_Forest,S16,0,0
Random_Forest,S16,0,0
Random_Forest,S16,0,0
Random_Forest,S16,0,0
Random_Forest,S16,0,0
Random_Forest,S16,0,0
Random_Forest,S16,0,0
Random_Forest,S16,0,0
Random_Forest,S16,0,0
Random_Forest,S16,0,0
Random_Forest,S16,0,0
Random_Forest,S16,0,0
Random_Forest,S16,0,0
Random_Forest,S16,0,0
Random_Forest,S16,0,0
Random_Forest,S16,0,0
Random_Forest,S16,0,0
Random_Forest,S16,0,0
Random_Forest,S16,0,0
Random_Forest,S16,0,0
Random_Forest,S16,0,0
Random_Forest,S16,0,0
Random_Forest,S16,0,0
Random_Forest,S16,0,0
Random_Forest,S16,0,0
Random_Forest,S16,0,0
Random_Forest,S16,0,0
Random_Forest,S16,0,0
Random_Forest,S16,0,0
Random_Forest,S16,0,0
Random_Forest,S16,0,0
Random_Forest,S16,0,0
Random_Forest,S16,0,0
Random_Forest,S16,0,0
Random_Forest,S16,0,0
Random_Forest,S16,0,0
Random_Forest,S16,1,1
Random_Forest,S16,1,1
Random_Forest,S16,1,1
Random_Forest,S16,1,1
Random_Forest,S16,1,1
Random_Forest,S16,1,1
Random_Forest,S16,1,1
Random_Forest,S16,1,1
Random_Forest,S16,1,1
Random_Forest,S16,1,1
Random_Forest,S16,1,1
Random_Forest,S16,1,1
Random_Forest,S16,1,1
Random_Forest,S16,1,1
Random_Forest,S16,1,1
Random_Forest,S16,1,1
Random_Forest,S16,1,1
Random_Forest,S16,1,1
Random_Forest,S16,1,1
Random_Forest,S16,1,1
Random_Forest,S16,1,1
Random_Forest,S17,0,0
Random_Forest,S17,0,0
Random_Forest,S17,0,0
Random_Forest,S17,0,0
Random_Forest,S17,0,0
Random_Forest,S17,0,0
Random_Forest,S17,0,0
Random_Forest,S17,0,0
Random_Forest,S17,0,0
Random_Forest,S17,0,0
Random_Forest,S17,0,0
Random_Forest,S17,0,0
Random_Forest,S17,0,0
Random_Forest,S17,0,0
Random_Forest,S17,0,0
Random_Forest,S17,0,0
Random_Forest,S17,0,0
Random_Forest,S17,0,0
Random_Forest,S17,0,0
Random_Forest,S17,0,0
Random_Forest,S17,0,0
Random_Forest,S17,0,0
Random_Forest,S17,0,0
Random_Forest,S17,0,0
Random_Forest,S17,0,0
Random_Forest,S17,0,0
Random_Forest,S17,0,0
Random_Forest,S17,0,0
Random_Forest,S17,0,0
Random_Forest,S17,0,0
Random_Forest,S17,0,0
Random_Forest,S17,0,0
Random_Forest,S17,0,0
Random_Forest,S17,0,0
Random_Forest,S17,0,0
Random_Forest,S17,0,1
Random_Forest,S17,0,0
Random_Forest,S17,0,0
Random_Forest,S17,1,0
Random_Forest,S17,1,0
Random_Forest,S17,1,1
Random_Forest,S17,1,0
Random_Forest,S17,1,1
Random_Forest,S17,1,1
Random_Forest,S17,1,1
Random_Forest,S17,1,1
Random_Forest,S17,1,1
Random_Forest,S17,1,1
Random_Forest,S17,1,1
Random_Forest,S17,1,1
Random_Forest,S17,1,1
Random_Forest,S17,1,1
Random_Forest,S17,1,1
Random_Forest,S17,1,1
Random_Forest,S17,1,1
Random_Forest,S17,1,1
Random_Forest,S17,1,1
Random_Forest,S17,1,1
Random_Forest,S17,1,1
Random_Forest,S17,1,1
Random_Forest,S17,1,1
Random_Forest,S2,0,0
Random_Forest,S2,0,0
Random_Forest,S2,0,1
Random_Forest,S2,0,1
Random_Forest,S2,0,1
Random_Forest,S2,0,1
Random_Forest,S2,0,1
Random_Forest,S2,0,0
Random_Forest,S2,0,0
Random_Forest,S2,0,0
Random_Forest,S2,0,0
Random_Forest,S2,0,0
Random_Forest,S2,0,0
Random_Forest,S2,0,0
Random_Forest,S2,0,0
Random_Forest,S2,0,0
Random_Forest,S2,0,0
Random_Forest,S2,0,0
Random_Forest,S2,0,0
Random_Forest,S2,0,0
Random_Forest,S2,0,0
Random_Forest,S2,0,0
Random_Forest,S2,0,0
Random_Forest,S2,0,0
Random_Forest,S2,0,0
Random_Forest,S2,0,0
Random_Forest,S2,0,0
Random_Forest,S2,0,0
Random_Forest,S2,0,0
Random_Forest,S2,0,0
Random_Forest,S2,0,0
Random_Forest,S2,0,0
Random_Forest,S2,0,0
Random_Forest,S2,0,0
Random_Forest,S2,0,0
Random_Forest,S2,0,0
Random_Forest,S2,0,0
Random_Forest,S2,1,0
Random_Forest,S2,1,0
Random_Forest,S2,1,0
Random_Forest,S2,1,0
Random_Forest,S2,1,0
Random_Forest,S2,1,0
Random_Forest,S2,1,0
Random_Forest,S2,1,0
Random_Forest,S2,1,0
Random_Forest,S2,1,0
Random_Forest,S2,1,0
Random_Forest,S2,1,0
Random_Forest,S2,1,0
Random_Forest,S2,1,0
Random_Forest,S2,1,0
Random_Forest,S2,1,0
Random_Forest,S2,1,0
Random_Forest,S2,1,0
Random_Forest,S2,1,1
Random_Forest,S2,1,1
Random_Forest,S3,0,0
Random_Forest,S3,0,0
Random_Forest,S3,0,0
Random_Forest,S3,0,0
Random_Forest,S3,0,0
Random_Forest,S3,0,0
Random_Forest,S3,0,0
Random_Forest,S3,0,0
Random_Forest,S3,0,0
Random_Forest,S3,0,0
Random_Forest,S3,0,0
Random_Forest,S3,0,0
Random_Forest,S3,0,0
Random_Forest,S3,0,0
Random_Forest,S3,0,0
Random_Forest,S3,0,0
Random_Forest,S3,0,0
Random_Forest,S3,0,0
Random_Forest,S3,0,0
Random_Forest,S3,0,0
Random_Forest,S3,0,0
Random_Forest,S3,0,0
Random_Forest,S3,0,0
Random_Forest,S3,0,0
Random_Forest,S3,0,0
Random_Forest,S3,0,0
Random_Forest,S3,0,0
Random_Forest,S3,0,0
Random_Forest,S3,0,0
Random_Forest,S3,0,0
Random_Forest,S3,0,0
Random_Forest,S3,0,0
Random_Forest,S3,0,0
Random_Forest,S3,0,0
Random_Forest,S3,0,0
Random_Forest,S3,0,0
Random_Forest,S3,0,0
Random_Forest,S3,1,0
Random_Forest,S3,1,0
Random_Forest,S3,1,0
Random_Forest,S3,1,0
Random_Forest,S3,1,1
Random_Forest,S3,1,1
Random_Forest,S3,1,1
Random_Forest,S3,1,0
Random_Forest,S3,1,0
Random_Forest,S3,1,0
Random_Forest,S3,1,0
Random_Forest,S3,1,0
Random_Forest,S3,1,0
Random_Forest,S3,1,0
Random_Forest,S3,1,0
Random_Forest,S3,1,0
Random_Forest,S3,1,0
Random_Forest,S3,1,0
Random_Forest,S3,1,0
Random_Forest,S3,1,0
Random_Forest,S3,1,0
Random_Forest,S4,0,0
Random_Forest,S4,0,0
Random_Forest,S4,0,0
Random_Forest,S4,0,0
Random_Forest,S4,0,0
Random_Forest,S4,0,0
Random_Forest,S4,0,0
Random_Forest,S4,0,0
Random_Forest,S4,0,0
Random_Forest,S4,0,0
Random_Forest,S4,0,0
Random_Forest,S4,0,0
Random_Forest,S4,0,0
Random_Forest,S4,0,0
Random_Forest,S4,0,0
Random_Forest,S4,0,0
Random_Forest,S4,0,0
Random_Forest,S4,0,0
Random_Forest,S4,0,0
Random_Forest,S4,0,0
Random_Forest,S4,0,0
Random_Forest,S4,0,0
Random_Forest,S4,0,0
Random_Forest,S4,0,0
Random_Forest,S4,0,0
Random_Forest,S4,0,0
Random_Forest,S4,0,0
Random_Forest,S4,0,0
Random_Forest,S4,0,0
Random_Forest,S4,0,0
Random_Forest,S4,0,0
Random_Forest,S4,0,0
Random_Forest,S4,0,0
Random_Forest,S4,0,0
Random_Forest,S4,0,0
Random_Forest,S4,0,0
Random_Forest,S4,0,0
Random_Forest,S4,0,0
Random_Forest,S4,1,0
Random_Forest,S4,1,0
Random_Forest,S4,1,0
Random_Forest,S4,1,0
Random_Forest,S4,1,0
Random_Forest,S4,1,0
Random_Forest,S4,1,0
Random_Forest,S4,1,0
Random_Forest,S4,1,0
Random_Forest,S4,1,0
Random_Forest,S4,1,0
Random_Forest,S4,1,0
Random_Forest,S4,1,0
Random_Forest,S4,1,0
Random_Forest,S4,1,0
Random_Forest,S4,1,0
Random_Forest,S4,1,0
Random_Forest,S4,1,0
Random_Forest,S4,1,0
Random_Forest,S4,1,0
Random_Forest,S5,0,1
Random_Forest,S5,0,1
Random_Forest,S5,0,1
Random_Forest,S5,0,1
Random_Forest,S5,0,1
Random_Forest,S5,0,1
Random_Forest,S5,0,1
Random_Forest,S5,0,1
Random_Forest,S5,0,1
Random_Forest,S5,0,1
Random_Forest,S5,0,0
Random_Forest,S5,0,1
Random_Forest,S5,0,1
Random_Forest,S5,0,0
Random_Forest,S5,0,0
Random_Forest,S5,0,0
Random_Forest,S5,0,0
Random_Forest,S5,0,0
Random_Forest,S5,0,1
Random_Forest,S5,0,1
Random_Forest,S5,0,1
Random_Forest,S5,0,1
Random_Forest,S5,0,1
Random_Forest,S5,0,1
Random_Forest,S5,0,1
Random_Forest,S5,0,1
Random_Forest,S5,0,1
Random_Forest,S5,0,1
Random_Forest,S5,0,1
Random_Forest,S5,0,1
Random_Forest,S5,0,1
Random_Forest,S5,0,1
Random_Forest,S5,0,1
Random_Forest,S5,0,1
Random_Forest,S5,0,1
Random_Forest,S5,0,1
Random_Forest,S5,0,1
Random_Forest,S5,0,1
Random_Forest,S5,0,1
Random_Forest,S5,1,1
Random_Forest,S5,1,1
Random_Forest,S5,1,1
Random_Forest,S5,1,1
Random_Forest,S5,1,1
Random_Forest,S5,1,1
Random_Forest,S5,1,1
Random_Forest,S5,1,1
Random_Forest,S5,1,1
Random_Forest,S5,1,1
Random_Forest,S5,1,1
Random_Forest,S5,1,1
Random_Forest,S5,1,1
Random_Forest,S5,1,1
Random_Forest,S5,1,1
Random_Forest,S5,1,1
Random_Forest,S5,1,1
Random_Forest,S5,1,1
Random_Forest,S5,1,1
Random_Forest,S5,1,1
Random_Forest,S6,0,1
Random_Forest,S6,0,1
Random_Forest,S6,0,1
Random_Forest,S6,0,1
Random_Forest,S6,0,1
Random_Forest,S6,0,1
Random_Forest,S6,0,1
Random_Forest,S6,0,1
Random_Forest,S6,0,1
Random_Forest,S6,0,1
Random_Forest,S6,0,1
Random_Forest,S6,0,1
Random_Forest,S6,0,1
Random_Forest,S6,0,0
Random_Forest,S6,0,0
Random_Forest,S6,0,0
Random_Forest,S6,0,0
Random_Forest,S6,0,0
Random_Forest,S6,0,0
Random_Forest,S6,0,0
Random_Forest,S6,0,0
Random_Forest,S6,0,0
Random_Forest,S6,0,0
Random_Forest,S6,0,0
Random_Forest,S6,0,0
Random_Forest,S6,0,0
Random_Forest,S6,0,0
Random_Forest,S6,0,0
Random_Forest,S6,0,0
Random_Forest,S6,0,0
Random_Forest,S6,0,0
Random_Forest,S6,0,0
Random_Forest,S6,0,0
Random_Forest,S6,0,0
Random_Forest,S6,0,0
Random_Forest,S6,0,0
Random_Forest,S6,0,0
Random_Forest,S6,0,0
Random_Forest,S6,1,1
Random_Forest,S6,1,1
Random_Forest,S6,1,1
Random_Forest,S6,1,1
Random_Forest,S6,1,1
Random_Forest,S6,1,1
Random_Forest,S6,1,1
Random_Forest,S6,1,1
Random_Forest,S6,1,1
Random_Forest,S6,1,1
Random_Forest,S6,1,1
Random_Forest,S6,1,1
Random_Forest,S6,1,1
Random_Forest,S6,1,1
Random_Forest,S6,1,1
Random_Forest,S6,1,1
Random_Forest,S6,1,1
Random_Forest,S6,1,1
Random_Forest,S6,1,1
Random_Forest,S6,1,1
Random_Forest,S6,1,1
Random_Forest,S7,0,1
Random_Forest,S7,0,1
Random_Forest,S7,0,1
Random_Forest,S7,0,1
Random_Forest,S7,0,1
Random_Forest,S7,0,1
Random_Forest,S7,0,1
Random_Forest,S7,0,1
Random_Forest,S7,0,1
Random_Forest,S7,0,1
Random_Forest,S7,0,1
Random_Forest,S7,0,1
Random_Forest,S7,0,1
Random_Forest,S7,0,1
Random_Forest,S7,0,1
Random_Forest,S7,0,1
Random_Forest,S7,0,1
Random_Forest,S7,0,1
Random_Forest,S7,0,1
Random_Forest,S7,0,1
Random_Forest,S7,0,1
Random_Forest,S7,0,1
Random_Forest,S7,0,1
Random_Forest,S7,0,1
Random_Forest,S7,0,1
Random_Forest,S7,0,1
Random_Forest,S7,0,1
Random_Forest,S7,0,1
Random_Forest,S7,0,1
Random_Forest,S7,0,1
Random_Forest,S7,0,1
Random_Forest,S7,0,1
Random_Forest,S7,0,1
Random_Forest,S7,0,1
Random_Forest,S7,0,1
Random_Forest,S7,0,1
Random_Forest,S7,0,1
Random_Forest,S7,0,1
Random_Forest,S7,1,1
Random_Forest,S7,1,1
Random_Forest,S7,1,1
Random_Forest,S7,1,1
Random_Forest,S7,1,1
Random_Forest,S7,1,1
Random_Forest,S7,1,1
Random_Forest,S7,1,1
Random_Forest,S7,1,1
Random_Forest,S7,1,1
Random_Forest,S7,1,1
Random_Forest,S7,1,1
Random_Forest,S7,1,1
Random_Forest,S7,1,1
Random_Forest,S7,1,1
Random_Forest,S7,1,1
Random_Forest,S7,1,1
Random_Forest,S7,1,1
Random_Forest,S7,1,1
Random_Forest,S7,1,1
Random_Forest,S8,0,1
Random_Forest,S8,0,1
Random_Forest,S8,0,0
Random_Forest,S8,0,0
Random_Forest,S8,0,0
Random_Forest,S8,0,0
Random_Forest,S8,0,0
Random_Forest,S8,0,0
Random_Forest,S8,0,0
Random_Forest,S8,0,0
Random_Forest,S8,0,0
Random_Forest,S8,0,0
Random_Forest,S8,0,0
Random_Forest,S8,0,0
Random_Forest,S8,0,0
Random_Forest,S8,0,0
Random_Forest,S8,0,0
Random_Forest,S8,0,0
Random_Forest,S8,0,0
Random_Forest,S8,0,0
Random_Forest,S8,0,0
Random_Forest,S8,0,0
Random_Forest,S8,0,0
Random_Forest,S8,0,0
Random_Forest,S8,0,0
Random_Forest,S8,0,0
Random_Forest,S8,0,0
Random_Forest,S8,0,0
Random_Forest,S8,0,0
Random_Forest,S8,0,0
Random_Forest,S8,0,0
Random_Forest,S8,0,0
Random_Forest,S8,0,0
Random_Forest,S8,0,0
Random_Forest,S8,0,0
Random_Forest,S8,0,0
Random_Forest,S8,0,0
Random_Forest,S8,0,0
Random_Forest,S8,1,0
Random_Forest,S8,1,0
Random_Forest,S8,1,0
Random_Forest,S8,1,0
Random_Forest,S8,1,0
Random_Forest,S8,1,0
Random_Forest,S8,1,1
Random_Forest,S8,1,0
Random_Forest,S8,1,0
Random_Forest,S8,1,0
Random_Forest,S8,1,1
Random_Forest,S8,1,0
Random_Forest,S8,1,0
Random_Forest,S8,1,0
Random_Forest,S8,1,1
Random_Forest,S8,1,1
Random_Forest,S8,1,1
Random_Forest,S8,1,1
Random_Forest,S8,1,0
Random_Forest,S8,1,1
Random_Forest,S8,1,0
Random_Forest,S8,1,1
Random_Forest,S9,0,0
Random_Forest,S9,0,0
Random_Forest,S9,0,0
Random_Forest,S9,0,0
Random_Forest,S9,0,0
Random_Forest,S9,0,1
Random_Forest,S9,0,0
Random_Forest,S9,0,0
Random_Forest,S9,0,1
Random_Forest,S9,0,1
Random_Forest,S9,0,1
Random_Forest,S9,0,1
Random_Forest,S9,0,1
Random_Forest,S9,0,1
Random_Forest,S9,0,1
Random_Forest,S9,0,1
Random_Forest,S9,0,0
Random_Forest,S9,0,0
Random_Forest,S9,0,0
Random_Forest,S9,0,0
Random_Forest,S9,0,0
Random_Forest,S9,0,1
Random_Forest,S9,0,1
Random_Forest,S9,0,1
Random_Forest,S9,0,1
Random_Forest,S9,0,1
Random_Forest,S9,0,1
Random_Forest,S9,0,1
Random_Forest,S9,0,1
Random_Forest,S9,0,1
Random_Forest,S9,0,1
Random_Forest,S9,0,1
Random_Forest,S9,0,1
Random_Forest,S9,0,1
Random_Forest,S9,0,1
Random_Forest,S9,0,1
Random_Forest,S9,0,1
Random_Forest,S9,0,1
Random_Forest,S9,1,1
Random_Forest,S9,1,1
Random_Forest,S9,1,1
Random_Forest,S9,1,1
Random_Forest,S9,1,1
Random_Forest,S9,1,1
Random_Forest,S9,1,1
Random_Forest,S9,1,1
Random_Forest,S9,1,1
Random_Forest,S9,1,1
Random_Forest,S9,1,1
Random_Forest,S9,1,1
Random_Forest,S9,1,1
Random_Forest,S9,1,1
Random_Forest,S9,1,1
Random_Forest,S9,1,0
Random_Forest,S9,1,1
Random_Forest,S9,1,0
Random_Forest,S9,1,0
Random_Forest,S9,1,1
